name,url,segment,vc_source,date_discovered,quality_flag
Kickass Companies,https://lowercarbon.com/companies/,startup,Lowercarbon Capital,2026-06-26,needs_review
Climate Scoops,https://lowercarbon.com/climate-scoops/,startup,Lowercarbon Capital,2026-06-26,needs_review
Antora,https://lowercarbon.com/company/antora/,startup,Lowercarbon Capital,2026-06-26,needs_review
Crux,https://lowercarbon.com/company/crux/,startup,Lowercarbon Capital,2026-06-26,needs_review
Crusoe,https://lowercarbon.com/company/crusoe/,startup,Lowercarbon Capital,2026-06-26,needs_review
Panthalassa,https://lowercarbon.com/company/panthalassa/,startup,Lowercarbon Capital,2026-06-26,needs_review
Solar Square,https://lowercarbon.com/company/solarsquare/,startup,Lowercarbon Capital,2026-06-26,needs_review
Solugen,https://lowercarbon.com/company/solugen/,startup,Lowercarbon Capital,2026-06-26,needs_review
Heart,https://lowercarbon.com/company/heart/,startup,Lowercarbon Capital,2026-06-26,needs_review
Breathe,https://lowercarbon.com/company/breathe/,startup,Lowercarbon Capital,2026-06-26,needs_review
Sublime,https://lowercarbon.com/company/sublime/,startup,Lowercarbon Capital,2026-06-26,needs_review
Charm,https://lowercarbon.com/company/charm/,startup,Lowercarbon Capital,2026-06-26,needs_review
Lilac,https://lowercarbon.com/company/lilac/,startup,Lowercarbon Capital,2026-06-26,needs_review
Mill,https://lowercarbon.com/company/mill/,startup,Lowercarbon Capital,2026-06-26,needs_review
Nevoya,https://lowercarbon.com/company/nevoya/,startup,Lowercarbon Capital,2026-06-26,needs_review
Kula,https://lowercarbon.com/company/kula/,startup,Lowercarbon Capital,2026-06-26,needs_review
Overview,https://lowercarbon.com/company/overview/,startup,Lowercarbon Capital,2026-06-26,needs_review
Mosa,https://lowercarbon.com/company/mosa/,startup,Lowercarbon Capital,2026-06-26,needs_review
Arc,https://lowercarbon.com/company/arc/,startup,Lowercarbon Capital,2026-06-26,needs_review
Base Power,https://lowercarbon.com/company/base-power/,startup,Lowercarbon Capital,2026-06-26,needs_review
Artyc,https://lowercarbon.com/company/artyc/,startup,Lowercarbon Capital,2026-06-26,needs_review
Gridware,https://lowercarbon.com/company/gridware/,startup,Lowercarbon Capital,2026-06-26,needs_review
Lemon,https://lowercarbon.com/company/lemon/,startup,Lowercarbon Capital,2026-06-26,needs_review
Stand,https://lowercarbon.com/company/stand/,startup,Lowercarbon Capital,2026-06-26,needs_review
Fuse,https://lowercarbon.com/company/fuse/,startup,Lowercarbon Capital,2026-06-26,needs_review
Thea Energy,https://lowercarbon.com/company/thea-energy/,startup,Lowercarbon Capital,2026-06-26,needs_review
Astro Mechanica,https://lowercarbon.com/company/astro/,startup,Lowercarbon Capital,2026-06-26,needs_review
Carbon Engineering,https://lowercarbon.com/company/carbonengineering/,startup,Lowercarbon Capital,2026-06-26,needs_review
Airloom,https://lowercarbon.com/company/airloom/,startup,Lowercarbon Capital,2026-06-26,needs_review
Lithios,https://lowercarbon.com/company/lithios/,startup,Lowercarbon Capital,2026-06-26,needs_review
Twelve,https://lowercarbon.com/company/twelve/,startup,Lowercarbon Capital,2026-06-26,needs_review
Unspun,https://lowercarbon.com/company/unspun/,startup,Lowercarbon Capital,2026-06-26,needs_review
Arbor,https://lowercarbon.com/company/arbor/,startup,Lowercarbon Capital,2026-06-26,needs_review
Cloover,https://lowercarbon.com/company/cloover/,startup,Lowercarbon Capital,2026-06-26,needs_review
Nitricity,https://lowercarbon.com/company/nitricity/,startup,Lowercarbon Capital,2026-06-26,needs_review
Eli,https://lowercarbon.com/company/eli/,startup,Lowercarbon Capital,2026-06-26,needs_review
Pacific Fusion,https://lowercarbon.com/company/pacific-fusion/,startup,Lowercarbon Capital,2026-06-26,needs_review
Xcimer,https://lowercarbon.com/company/xcimer/,startup,Lowercarbon Capital,2026-06-26,needs_review
Renaissance,https://lowercarbon.com/company/renaissance/,startup,Lowercarbon Capital,2026-06-26,needs_review
Entocycle,https://lowercarbon.com/company/entocycle/,startup,Lowercarbon Capital,2026-06-26,needs_review
Aepnus,https://lowercarbon.com/company/aepnus/,startup,Lowercarbon Capital,2026-06-26,needs_review
Acceleron,https://lowercarbon.com/company/acceleron/,startup,Lowercarbon Capital,2026-06-26,needs_review
Musa,https://lowercarbon.com/company/musa/,startup,Lowercarbon Capital,2026-06-26,needs_review
Zeno,https://lowercarbon.com/company/zeno/,startup,Lowercarbon Capital,2026-06-26,needs_review
Quilt,https://lowercarbon.com/company/quilt/,startup,Lowercarbon Capital,2026-06-26,needs_review
BurnBot,https://lowercarbon.com/company/burnbot/,startup,Lowercarbon Capital,2026-06-26,needs_review
Biosphere,https://lowercarbon.com/company/biosphere/,startup,Lowercarbon Capital,2026-06-26,needs_review
Ulysses,https://lowercarbon.com/company/ulysses/,startup,Lowercarbon Capital,2026-06-26,needs_review
Woodoo,https://lowercarbon.com/company/woodoo/,startup,Lowercarbon Capital,2026-06-26,needs_review
Dioxycle,https://lowercarbon.com/company/dioxycle/,startup,Lowercarbon Capital,2026-06-26,needs_review
Pledge,https://lowercarbon.com/company/pledge/,startup,Lowercarbon Capital,2026-06-26,needs_review
Pendulum,https://lowercarbon.com/company/pendulum/,startup,Lowercarbon Capital,2026-06-26,needs_review
Enode,https://lowercarbon.com/company/enode/,startup,Lowercarbon Capital,2026-06-26,needs_review
River,https://lowercarbon.com/company/river/,startup,Lowercarbon Capital,2026-06-26,needs_review
Seabound,https://lowercarbon.com/company/seabound/,startup,Lowercarbon Capital,2026-06-26,needs_review
Noya,https://lowercarbon.com/company/noya/,startup,Lowercarbon Capital,2026-06-26,needs_review
Carbyon,https://lowercarbon.com/company/carbyon/,startup,Lowercarbon Capital,2026-06-26,needs_review
Dendra,https://lowercarbon.com/company/dendra/,startup,Lowercarbon Capital,2026-06-26,needs_review
Supercritical,https://lowercarbon.com/company/supercritical/,startup,Lowercarbon Capital,2026-06-26,needs_review
Matter,https://lowercarbon.com/company/matter/,startup,Lowercarbon Capital,2026-06-26,needs_review
Milvus Advanced,https://lowercarbon.com/company/milvus/,startup,Lowercarbon Capital,2026-06-26,needs_review
Loam,https://lowercarbon.com/company/loam/,startup,Lowercarbon Capital,2026-06-26,needs_review
Tender,https://lowercarbon.com/company/tender/,startup,Lowercarbon Capital,2026-06-26,needs_review
Safi,https://lowercarbon.com/company/safi/,startup,Lowercarbon Capital,2026-06-26,needs_review
Zap,https://lowercarbon.com/company/zap/,startup,Lowercarbon Capital,2026-06-26,needs_review
Air Co,https://lowercarbon.com/company/airco/,startup,Lowercarbon Capital,2026-06-26,needs_review
Lumen,https://lowercarbon.com/company/lumen/,startup,Lowercarbon Capital,2026-06-26,needs_review
Heirloom,https://lowercarbon.com/company/heirloom/,startup,Lowercarbon Capital,2026-06-26,needs_review
Undo,https://lowercarbon.com/company/undo/,startup,Lowercarbon Capital,2026-06-26,needs_review
CargoKite,https://lowercarbon.com/company/cargokite/,startup,Lowercarbon Capital,2026-06-26,needs_review
Arca,https://lowercarbon.com/company/arca/,startup,Lowercarbon Capital,2026-06-26,needs_review
Verdox,https://lowercarbon.com/company/verdox/,startup,Lowercarbon Capital,2026-06-26,needs_review
Isometric,https://lowercarbon.com/company/isometric/,startup,Lowercarbon Capital,2026-06-26,needs_review
Novalith,https://lowercarbon.com/company/novalith/,startup,Lowercarbon Capital,2026-06-26,needs_review
Zanskar,https://lowercarbon.com/company/zanskar/,startup,Lowercarbon Capital,2026-06-26,needs_review
Living Carbon,https://lowercarbon.com/company/livingcarbon/,startup,Lowercarbon Capital,2026-06-26,needs_review
Clairity,https://lowercarbon.com/company/clairity/,startup,Lowercarbon Capital,2026-06-26,needs_review
Flair,https://lowercarbon.com/company/flair-systems/,startup,Lowercarbon Capital,2026-06-26,needs_review
InRange,https://lowercarbon.com/company/inrange/,startup,Lowercarbon Capital,2026-06-26,needs_review
Macro Oceans,https://lowercarbon.com/company/macro-oceans/,startup,Lowercarbon Capital,2026-06-26,needs_review
Frost Methane,https://lowercarbon.com/company/frostmethane/,startup,Lowercarbon Capital,2026-06-26,needs_review
Zero Acre,https://lowercarbon.com/company/zeroacre/,startup,Lowercarbon Capital,2026-06-26,needs_review
Watershed,https://lowercarbon.com/company/watershed/,startup,Lowercarbon Capital,2026-06-26,needs_review
Floodbase,https://lowercarbon.com/company/floodbase/,startup,Lowercarbon Capital,2026-06-26,needs_review
Kettle,https://lowercarbon.com/company/kettle/,startup,Lowercarbon Capital,2026-06-26,needs_review
Avalanche,https://lowercarbon.com/company/avalanche/,startup,Lowercarbon Capital,2026-06-26,needs_review
Electra,https://lowercarbon.com/company/electra/,startup,Lowercarbon Capital,2026-06-26,needs_review
Epoch,https://lowercarbon.com/company/epoch/,startup,Lowercarbon Capital,2026-06-26,needs_review
Pachama,https://lowercarbon.com/company/pachama/,startup,Lowercarbon Capital,2026-06-26,needs_review
Minus,https://lowercarbon.com/company/minus/,startup,Lowercarbon Capital,2026-06-26,needs_review
Formo,https://lowercarbon.com/company/formo/,startup,Lowercarbon Capital,2026-06-26,needs_review
Ecosafi,https://lowercarbon.com/company/ecosafi/,startup,Lowercarbon Capital,2026-06-26,needs_review
FarmHQ,https://lowercarbon.com/company/farmhq/,startup,Lowercarbon Capital,2026-06-26,needs_review
Yard Stick,https://lowercarbon.com/company/yard-stick/,startup,Lowercarbon Capital,2026-06-26,needs_review
Genomines,https://lowercarbon.com/company/genomines/,startup,Lowercarbon Capital,2026-06-26,needs_review
Stealth,https://lowercarbon.com/company/stealth/,startup,Lowercarbon Capital,2026-06-26,needs_review
Carbon180,https://lowercarbon.com/initiative/carbon180/,startup,Lowercarbon Capital,2026-06-26,needs_review
DROP US A LINE,https://lowercarbon.com/drop-us-a-line,startup,Lowercarbon Capital,2026-06-26,needs_review
RMI,https://rmi.org/,startup,Third Derivative,2026-06-26,needs_review
New Energy Nexus,https://www.newenergynexus.com/,startup,Third Derivative,2026-06-26,needs_review
Cookieyes logo,https://www.cookieyes.com/product/cookie-consent/?ref=cypbcyb&utm_source=cookie-banner&utm_medium=powered-by-cookieyes,startup,S2G Ventures,2026-06-26,needs_review
Apple Podcasts,https://podcasts.apple.com/us/podcast/the-s2g-podcast/id1505769150,startup,S2G Ventures,2026-06-26,needs_review
Spotify,https://open.spotify.com/show/1NtJBALqVesko73bOtz5y4,startup,S2G Ventures,2026-06-26,needs_review
Lp Login,https://www.fundpanel.io/Login,startup,Congruent Ventures,2026-06-26,needs_review
